Product Name,Category,Price,Description
coffee mug ceramic,Home and Kitchn,$5,Mug for hot coffee âš¡
laptop bag leather,Bagz,45,Durable leather bag
bluetooth speaker,ElectronicDevices,30 usd,Loud sound speaker
Desk Lamp Led,Accesories,15 USD,Bright light!!!!
 WIRELESS EARBUDS ,Electronix,$25,Long battery life ðŸ“±
Cell phone cover - blue,Mobile Kases,$12.5,Best cover for your phone
table cloth cotton,HomeDecor,$20, Beautiful tablecloth ðŸ“± 
MOBILE CASE RED,Mobile Kases,$10.00,High quality case
Coffee mug ceramic,Home and Kitchn,$5.00,Mug 4 hot coffee
Bluetooth Speaker,Electronic Devizes,30 usd,Loud sound speaker ðŸ’¡
Gaming Keyboard,Electronix,,
Coffee mug ceramic,Home and Kitchn,$5.00,Mug for hot coffee
 Laptop bag leather ,Bagz,$45.00,Durable leather bag!!!!
MOBILE CASE RED,MobileCases,10 USD,Highqualitycaseeeee
Table Cloth Cotton,Hme Decor,$20, Beautiful tablecloth 
Cell phone cover - blue,Mobile Kases,$12.50,Best cover for your phone!!!!
 Laptop Bag Leather ,Bagz,45 USD,Durable leather bag
COFFEE MUG CERAMIC,Home and Kitchn,5 USD,Mug for hot coffee
wireless earbuds,Electronix,25 USD,Longbatterylifeeeee
CELL PHONE COVER - BLUE,Mobile Kases,$12.50,Best cover 4 ur phone
Laptop bag leather,,$45,Durableleatherbageeee
LAPTOP BAG LEATHER,Bagz,$45,Durable leather bag ðŸ“±
Gaming keyboard,Electronix,60 USD,RGB backlit keys ðŸŽ’
Gaming Keyboard,Electronix,60,RGB backlit keys
DESK LAMP LED,Accesories,15 usd,Bright light
Mobile Case Red,Mobile Kases,10,High quality case âš¡
Coffee mug ceramic,Home and Kitchn, $5.00 ,Mug 4 hot coffee
phone charger fast,Mob Accessories,8,Charge your phone fast
Cell Phone Cover - Blue,MobileCases,12.5 usd,Best cover for your phone
Cell phone cover - blue,Mobile Kases,12.50,Best cover for your phone ðŸ’¡
Gaming keyboard,Electronix,60,RGB backlit keys!!!!
Bluetooth Speaker,ElectronicDevices,30 USD,Loud sound speaker ðŸ”Š
 Desk lamp led ,Accesories,15.00,Bright light
CELL PHONE COVER - BLUE,Mobile Kases,$12.5,Best cover for your phone
Coffee mug ceramic,Home and Kitchn,5.00,Mugforhotcoffeeeeee
bluetooth speaker;,Electronic Devizes,$30.00, Loudsoundspeakereeee 
bluetooth speaker,Electronic Devizes,30 usd,Loudsoundspeakereeee
 laptop bag leather ,Bagz,45.00,Durableleatherbageeee
Phone charger fast,MobileAccessories, 8.00 ,Charge your phone fast!!!!
gaming keyboard,Electronix,60.00, RGBbacklitkeyseeee 
Gaming Keyboard,Electronix,$60,RGB backlit keys
Laptop bag leather,Bagz,$45,Durable leather bag
Gaming keyboard,Electronix,60,RGB backlit keys!!!!
 Table Cloth Cotton ,Hme Decor,20 usd,Beautifultableclotheeee
PHONE CHARGER FAST,Mob Accessories,8.00,Charge your phone fast ðŸŽ’
Coffee Mug Ceramic,Home and Kitchn,5.00,Mug for hot coffee ðŸ”Š
wireless earbuds,Electronix,25 usd,
Wireless earbuds,Electronix, 25.00 ,Long battery life!!!!
laptop bag leather,Bagz,45.00,Durable leather bag!!!!
BLUETOOTH SPEAKER,ElectronicDevices,30.00,Loud sound speaker!!!!
Laptop Bag Leather,Bagz,45 usd,Durable leather bag!!!!
TABLE CLOTH COTTON,Hme Decor,20,Beautiful tablecloth
DESK LAMP LED,Accesories,15.00,Bright light
WIRELESS EARBUDS,Electronix,$25.00,Long battery life
 Wireless earbuds ,Electronix,25 USD,Long battery life
Table cloth cotton,Hme Decor,20,Beautiful tablecloth
 LAPTOP BAG LEATHER ,Bagz,$45,
cell phone cover - blue,Mobile Kases,12.50,Best cover for your phone!!!!
MOBILE CASE RED,Mobile Kases,$10,High quality case!!!!
Coffee Mug Ceramic,Home&Kitchen,$5,Mug for hot coffee
Gaming keyboard,Electronix,60,RGBbacklitkeyseeee
coffee mug ceramic,Home and Kitchn,5.00,Mug for hot coffee
Cell Phone Cover - Blue,MobileCases,$12.5,Best cover for your phone!!!!
TABLE CLOTH COTTON,Hme Decor,20 usd,Beautiful tablecloth!!!!
Desk Lamp Led,Accesories,15.00,Bright light
coffee mug ceramic,Home and Kitchn,$5,Mug 4 hot coffee
Wireless earbuds,Electronix,25.00,Long battery life ðŸ’¡
laptop bag leather,Bagz,$45,Durable leather bag
COFFEE MUG CERAMIC,Home and Kitchn,5,Mugforhotcoffeeeeee
laptop bag leather;,Bagz,45 usd, Durable leather bag!!!! 
Laptop Bag Leather,Bagz,45 usd,Durableleatherbageeee
MOBILE CASE RED,MobileCases,$10,High quality case
LAPTOP BAG LEATHER,Bagz,$45,Durable leather bag
PHONE CHARGER FAST;,MobileAccessories,8.00,Chargeyourphonefasteeee
desk lamp led,Accesories,15 usd,Bright light
CELL PHONE COVER - BLUE,MobileCases,,Best cover for your phone!!!!
CELL PHONE COVER - BLUE,Mobile Kases, 12.50 ,Best cover for your phone!!!!
wireless earbuds,Electronix,25.00,Long battery life
phone charger fast,MobileAccessories,,Charge your phone fast!!!!
MOBILE CASE RED,Mobile Kases,,High quality case ðŸ“±
MOBILE CASE RED,Mobile Kases,10 USD,High quality case
PHONE CHARGER FAST,Mob Accessories,$8,Chargeyourphonefasteeee
COFFEE MUG CERAMIC,Home and Kitchn,5, Mug 4 hot coffee 
Mobile case red,Mobile Kases,10 usd,High quality case
Coffee mug ceramic,Home and Kitchn,5 usd,Mug 4 hot coffee
WIRELESS EARBUDS,Electronix,$25.00,Long battery life âš¡
gaming keyboard,Electronix,60.00,RGB backlit keys
Table cloth cotton,Hme Decor,20 usd,Beautiful tablecloth
PHONE CHARGER FAST,Mob Accessories,8 USD,Charge your phone fast!!!!
Wireless Earbuds,Electronix,$25,Longbatterylifeeeee
PHONE CHARGER FAST,Mob Accessories,8,Charge your phone fast!!!!
Coffee mug ceramic,Home and Kitchn,5 USD,Mugforhotcoffeeeeee
Wireless earbuds,Electronix,25,Long battery life!!!!
table cloth cotton;,HomeDecor,20.00,Beautiful tablecloth!!!!
Phone charger fast,Mob Accessories,$8.00,Charge your phone fast!!!!
Bluetooth speaker,ElectronicDevices,$30,Loud sound speaker
Mobile case red,Mobile Kases,10 USD,Highqualitycaseeeee
Wireless Earbuds,Electronix, 25.00 ,
Laptop Bag Leather,Bagz,45,Durable leather bag
Desk lamp led,Accesories,15 usd,Bright light
Coffee mug ceramic,Home and Kitchn,5.00,Mug for hot coffee!!!!
PHONE CHARGER FAST,MobileAccessories,8.00,Charge ur phone fast
Laptop Bag Leather,Bagz,45,Durableleatherbageeee
GAMING KEYBOARD,Electronix,60 USD,RGBbacklitkeyseeee
coffee mug ceramic,Home and Kitchn,5 USD,Mugforhotcoffeeeeee
table cloth cotton,Hme Decor,20.00,Beautiful tablecloth
Laptop Bag Leather,Bagz,45 USD,Durable leather bag
Desk lamp led,Accesories,15 usd,Bright light
wireless earbuds,Electronix,$25,Long battery life
PHONE CHARGER FAST,Mob Accessories,8 USD,Chargeyourphonefasteeee
Desk Lamp Led,Accesories,15 USD,Brightlighteeee
table cloth cotton,Hme Decor,$20,Beautifultableclotheeee
MOBILE CASE RED,Mobile Kases,10 USD,High quality case
 LAPTOP BAG LEATHER ,Bagz,45.00,Durable leather bag
coffee mug ceramic,Home and Kitchn,5,Mug for hot coffee ðŸ”Š
WIRELESS EARBUDS,,25.00,Long battery life
MOBILE CASE RED,MobileCases,10, High quality case ðŸ’¡ 
COFFEE MUG CERAMIC,Home and Kitchn,5 USD,Mug for hot coffee ðŸ“±
Phone charger fast,,8 usd,Charge ur phone fast
Laptop Bag Leather,Bagz,$45,Durable leather bag ðŸ“±
LAPTOP BAG LEATHER,Bagz,$45.00,Durableleatherbageeee
Table Cloth Cotton,Hme Decor,20.00,Beautiful tablecloth!!!!
Laptop Bag Leather,Bagz, 45 ,Durable leather bag
table cloth cotton,Hme Decor,$20.00,Beautiful tablecloth ðŸ’¡
 TABLE CLOTH COTTON ,Hme Decor,20,Beautiful tablecloth
Phone charger fast,Mob Accessories,8,Charge your phone fast
WIRELESS EARBUDS,Electronix,25 USD,Long battery life ðŸ“±
Wireless earbuds,Electronix,25.00,Long battery life ðŸŽ’
CELL PHONE COVER - BLUE,Mobile Kases,$12.5, Bestcoverforyourphoneeeee 
Mobile case red,Mobile Kases,10,High quality case
Coffee mug ceramic,Home and Kitchn,5 usd,Mug for hot coffee ðŸŽ’
coffee mug ceramic,Home&Kitchen,$5.00,Mug 4 hot coffee
gaming keyboard,Electronix,$60.00,
Gaming Keyboard,Electronix,$60,RGB backlit keys âš¡
mobile case red,Mobile Kases,10.00,High quality case
coffee mug ceramic,Home and Kitchn,5 USD,Mug for hot coffee ðŸ’¡
wireless earbuds,Electronix,25,Long battery life
Bluetooth Speaker,ElectronicDevices,, Loud sound speaker!!!! 
laptop bag leather,Bagz,$45.00,Durable leather bag!!!!
TABLE CLOTH COTTON,Hme Decor,20 usd, Beautiful tablecloth ðŸ“± 
wireless earbuds,,25,Long battery life
 Wireless earbuds ,Electronix,25.00,Long battery life âš¡
Gaming keyboard,Electronix,$60,RGB backlit keys
LAPTOP BAG LEATHER,Bagz,$45, Durable leather bag 
table cloth cotton,Hme Decor,20.00,Beautiful tablecloth!!!!
mobile case red,Mobile Kases,10 usd,Highqualitycaseeeee
bluetooth speaker,Electronic Devizes, $30 ,Loudsoundspeakereeee
table cloth cotton,Hme Decor,20,Beautiful tablecloth ðŸ”Š
LAPTOP BAG LEATHER,Bagz,45 USD,Durable leather bag
MOBILE CASE RED,Mobile Kases,10,High quality case!!!!
Gaming Keyboard,Electronix,,RGB backlit keys ðŸ“±
COFFEE MUG CERAMIC,Home and Kitchn,5 USD,Mug for hot coffee
 Desk lamp led ,Accesories,15,Bright light
cell phone cover - blue,MobileCases,12.5 usd,Best cover for your phone
Gaming keyboard,Electronix,$60.00,RGBbacklitkeyseeee
cell phone cover - blue;,Mobile Kases,,Bestcoverforyourphoneeeee
laptop bag leather,Bagz,$45.00,Durable leather bag!!!!
gaming keyboard,Electronix,$60, RGB backlit keys ðŸŽ’ 
coffee mug ceramic,Home and Kitchn,$5.00,Mug 4 hot coffee
Mobile Case Red,MobileCases,10.00,Highqualitycaseeeee
Bluetooth speaker,, 30 ,Loud sound speaker
CELL PHONE COVER - BLUE,Mobile Kases,12.50,Best cover for your phone!!!!
laptop bag leather,Bagz,45 USD,Durable leather bag ðŸ“±
Gaming keyboard,Electronix,60.00,RGBbacklitkeyseeee
gaming keyboard,Electronix,60.00,RGB backlit keys!!!!
Wireless Earbuds,Electronix,25,Long battery life!!!!
gaming keyboard,Electronix,60 usd,RGB backlit keys
desk lamp led,Accesories,15 USD,Bright light
Bluetooth Speaker,Electronic Devizes,$30,Loud sound speaker
Gaming keyboard,Electronix,$60,RGB backlit keys ðŸ”Š
 Laptop Bag Leather ,Bagz,$45.00,Durable leather bag!!!!
Phone charger fast,Mob Accessories,8,Charge your phone fast
Phone charger fast,Mob Accessories,8,Charge your phone fast!!!!
Phone charger fast,Mob Accessories,$8,Charge your phone fast!!!!
WIRELESS EARBUDS,Electronix,25 usd,Long battery life âš¡
LAPTOP BAG LEATHER,Bagz,45 usd,Durable leather bag
Coffee mug ceramic,Home and Kitchn,5 USD,Mug for hot coffee ðŸ“±
Coffee Mug Ceramic,Home and Kitchn,5,Mugforhotcoffeeeeee
Gaming keyboard,Electronix,60,RGB backlit keys
Cell phone cover - blue,Mobile Kases,$12.50,Best cover for your phone!!!!
phone charger fast,Mob Accessories,8.00,Charge your phone fast ðŸ’¡
Bluetooth Speaker,Electronic Devizes,$30.00,Loud sound speaker ðŸŽ’
mobile case red,Mobile Kases,$10,High quality case
bluetooth speaker,,30 USD,Loud sound speaker ðŸ“±
Cell Phone Cover - Blue,Mobile Kases,12.5 usd,Best cover for your phone!!!!
Table cloth cotton,Hme Decor,20 USD,Beautiful tablecloth
Laptop bag leather,Bagz,45 USD,Durable leather bag
mobile case red,Mobile Kases,10.00,Highqualitycaseeeee
laptop bag leather,Bagz,$45,Durable leather bag
Gaming keyboard,Electronix,60 USD,RGB backlit keys!!!!
Desk Lamp Led,Accesories,$15,Bright light!!!!
wireless earbuds,Electronix,25,Long battery life
Phone charger fast,MobileAccessories, 8.00 ,Charge your phone fast!!!!
desk lamp led,Accesories,15.00,Bright light âš¡
Cell phone cover - blue,Mobile Kases,$12.50,Best cover for your phone ðŸ”Š
Desk lamp led,Accesories, $15.00 ,Bright light
Mobile case red,Mobile Kases,$10,High quality case
MOBILE CASE RED,Mobile Kases,$10.00,High quality case ðŸ“±
Desk lamp led,Accesories,15 USD,Bright light
DESK LAMP LED,,,Bright light ðŸŽ’
GAMING KEYBOARD,Electronix,$60,RGB backlit keys
cell phone cover - blue,Mobile Kases,12.50,Best cover for your phone!!!!
desk lamp led,Accesories,15.00,Bright light ðŸ”Š
PHONE CHARGER FAST,Mob Accessories,8.00,Chargeyourphonefasteeee
Wireless earbuds,Electronix,25 USD,Long battery life!!!!
Table Cloth Cotton,Hme Decor,$20,Beautiful tablecloth ðŸ”Š
 phone charger fast ,MobileAccessories,$8,Charge your phone fast âš¡
PHONE CHARGER FAST,Mob Accessories,$8.00,Charge your phone fast
Cell phone cover - blue,Mobile Kases,12.5 usd,Best cover for your phone âš¡
Gaming keyboard,Electronix,60 USD,RGB backlit keys ðŸ’¡
Bluetooth speaker,Electronic Devizes,30 usd,Loud sound speaker!!!!
MOBILE CASE RED,Mobile Kases,10,Highqualitycaseeeee
 Wireless earbuds ,Electronix,25.00, Longbatterylifeeeee 
LAPTOP BAG LEATHER,Bagz,45 USD,Durable leather bag!!!!
coffee mug ceramic,Home&Kitchen,5 USD,Mug for hot coffee
Coffee mug ceramic,Home and Kitchn,5 USD,Mug 4 hot coffee
TABLE CLOTH COTTON,Hme Decor,20 usd,Beautifultableclotheeee
Mobile case red,Mobile Kases,10,Highqualitycaseeeee
desk lamp led,Accesories,15.00,Bright light
MOBILE CASE RED,MobileCases,10 USD, High quality case 
Mobile case red;,MobileCases,10 USD,Highqualitycaseeeee
Laptop bag leather,Bagz,$45.00,Durable leather bag
Wireless earbuds,Electronix,25 usd,Long battery life
Phone charger fast,Mob Accessories,$8,Charge ur phone fast
 Coffee Mug Ceramic ,Home and Kitchn,5 usd,Mugforhotcoffeeeeee
Coffee mug ceramic,Home and Kitchn,5.00,Mug for hot coffee
desk lamp led;,Accesories,15 USD,Bright light
Wireless Earbuds,Electronix,$25.00,Long battery life
Cell Phone Cover - Blue,MobileCases,$12.5,Best cover 4 ur phone
GAMING KEYBOARD,,60 usd,RGB backlit keys
cell phone cover - blue, MobileCases ,12.5,Bestcoverforyourphoneeeee
Desk lamp led,Accesories,15 USD,Bright light ðŸ”Š
gaming keyboard,,60 usd,RGB backlit keys!!!!
Bluetooth speaker,Electronic Devizes, $30.00 ,Loud sound speaker
phone charger fast;,MobileAccessories,$8.00,Charge your phone fast
Laptop Bag Leather,Bagz,45,Durable leather bag
wireless earbuds,Electronix,25 usd,Longbatterylifeeeee
cell phone cover - blue,Mobile Kases,12.5,Best cover 4 ur phone
Cell Phone Cover - Blue,Mobile Kases,$12.5,Best cover for your phone
Bluetooth Speaker,Electronic Devizes,$30,Loud sound speaker
WIRELESS EARBUDS,Electronix,25 USD,Longbatterylifeeeee
COFFEE MUG CERAMIC,Home&Kitchen,5 USD,Mugforhotcoffeeeeee
CELL PHONE COVER - BLUE,MobileCases,12.5 USD,Best cover for your phone!!!!
Mobile Case Red,Mobile Kases,$10,High quality case!!!!
table cloth cotton,HomeDecor,20.00,Beautiful tablecloth
LAPTOP BAG LEATHER,Bagz,$45,Durable leather bag
desk lamp led,Accesories,15, Bright light 
Cell Phone Cover - Blue;,MobileCases, 12.5 USD ,Best cover for your phone!!!!
Cell phone cover - blue,Mobile Kases,12.50,Bestcoverforyourphoneeeee
Mobile case red,Mobile Kases,$10.00,High quality case
Desk Lamp Led,  ,$15,Bright light!!!!
Bluetooth Speaker,Electronic Devizes,$30,Loud sound speaker
laptop bag leather,Bagz,45 USD,Durable leather bag
Wireless Earbuds,Electronix,25 USD,Longbatterylifeeeee
cell phone cover - blue,MobileCases,12.50,Best cover for your phone
TABLE CLOTH COTTON,Hme Decor,20 usd,Beautiful tablecloth
bluetooth speaker,Electronic Devizes,30,Loudsoundspeakereeee
Laptop Bag Leather,Bagz,45 USD,Durableleatherbageeee
Phone Charger Fast,Mob Accessories,$8.00,Chargeyourphonefasteeee
mobile case red,MobileCases,10.00,High quality case!!!!
Coffee mug ceramic,Home and Kitchn,5.00,
Bluetooth speaker,Electronic Devizes,30,Loud sound speaker
wireless earbuds,Electronix,$25.00,Long battery life!!!!
table cloth cotton,Hme Decor,20 usd,Beautiful tablecloth
Wireless Earbuds,Electronix,25,Long battery life ðŸŽ’
Desk lamp led,Accesories,15 usd,Bright light ðŸ“±
cell phone cover - blue,,$12.50,Bestcoverforyourphoneeeee
Bluetooth speaker,ElectronicDevices,30,Loudsoundspeakereeee
Coffee mug ceramic,Home and Kitchn,$5,Mug 4 hot coffee
Gaming Keyboard,Electronix,60.00,RGB backlit keys
Cell phone cover - blue,Mobile Kases,12.5 USD,Best cover for your phone
DESK LAMP LED;,Accesories,15 usd,Bright light âš¡
Gaming keyboard;,,60 usd,RGB backlit keys ðŸ”Š
Cell phone cover - blue,MobileCases,$12.50,Best cover 4 ur phone
Cell phone cover - blue,MobileCases,$12.5,Best cover for your phone ðŸ”Š
BLUETOOTH SPEAKER,Electronic Devizes,30 usd,Loud sound speaker ðŸ’¡
Wireless earbuds,, 25 ,Longbatterylifeeeee
LAPTOP BAG LEATHER;,Bagz,$45.00, Durable leather bag!!!! 
Gaming Keyboard,Electronix,$60, RGBbacklitkeyseeee 
Bluetooth speaker,Electronic Devizes,30.00,Loud sound speaker âš¡
WIRELESS EARBUDS,Electronix,25 USD,Long battery life
Gaming Keyboard,Electronix,$60,RGB backlit keys
Gaming Keyboard,Electronix,$60,RGB backlit keys!!!!
Bluetooth speaker,Electronic Devizes,$30,Loudsoundspeakereeee
DESK LAMP LED,Accesories,15 usd,Bright light
Cell Phone Cover - Blue,Mobile Kases,$12.50, Best cover for your phone!!!! 
Table cloth cotton,HomeDecor,20,Beautiful tablecloth
coffee mug ceramic,Home and Kitchn,,Mug for hot coffee
Desk Lamp Led,Accesories,15.00,Brightlighteeee
Desk lamp led,,15 usd,Bright light!!!!
Table cloth cotton,Hme Decor,$20,Beautiful tablecloth âš¡
DESK LAMP LED,Accesories,$15.00,Bright light!!!!
Mobile Case Red,Mobile Kases,$10.00,High quality case
PHONE CHARGER FAST,MobileAccessories,8.00,Charge your phone fast ðŸ”Š
Bluetooth Speaker,Electronic Devizes,30 usd,Loudsoundspeakereeee
 TABLE CLOTH COTTON ,Hme Decor,$20.00,Beautifultableclotheeee
 phone charger fast ,Mob Accessories, $8 ,Charge ur phone fast
Table cloth cotton,Hme Decor,$20.00,Beautiful tablecloth ðŸŽ’
Bluetooth Speaker,Electronic Devizes,30,Loud sound speaker ðŸ”Š
desk lamp led,Accesories,15,Bright light ðŸ”Š
Table Cloth Cotton,Hme Decor,20,Beautiful tablecloth ðŸŽ’
laptop bag leather,Bagz,,Durable leather bag
BLUETOOTH SPEAKER,Electronic Devizes,30,Loud sound speaker ðŸ“±
 CELL PHONE COVER - BLUE ,Mobile Kases,12.5 usd,Best cover for your phone!!!!
Gaming keyboard,Electronix,$60.00,RGB backlit keys
Cell phone cover - blue,Mobile Kases,$12.50,
Wireless earbuds,Electronix,25 USD,Long battery life
 Phone charger fast ,Mob Accessories,$8,Charge ur phone fast
Bluetooth Speaker,Electronic Devizes,30 USD,Loud sound speaker!!!!
MOBILE CASE RED,Mobile Kases,10,High quality case!!!!
COFFEE MUG CERAMIC,Home and Kitchn,5 usd,Mug 4 hot coffee
gaming keyboard,Electronix,$60,RGBbacklitkeyseeee
Wireless earbuds,Electronix,25.00,Long battery life
CELL PHONE COVER - BLUE,Mobile Kases,$12.50,Best cover for your phone ðŸ”Š
Gaming keyboard,Electronix,60 USD,RGB backlit keys ðŸ“±
Laptop bag leather,Bagz, 45.00 ,Durable leather bag!!!!
Laptop bag leather,Bagz,45 USD,Durable leather bag
Laptop bag leather,Bagz,45 usd,
Phone Charger Fast,Mob Accessories,8,Charge ur phone fast
DESK LAMP LED,,15,Bright light ðŸŽ’
wireless earbuds,Electronix,25.00,Long battery life!!!!
phone charger fast,Mob Accessories, 8.00 ,Chargeyourphonefasteeee
CELL PHONE COVER - BLUE,MobileCases,$12.5,Best cover for your phone!!!!
Wireless earbuds,Electronix,25 USD,Long battery life!!!!
COFFEE MUG CERAMIC,Home and Kitchn,5 usd,Mug for hot coffee!!!!
bluetooth speaker;,Electronic Devizes,30,Loud sound speaker
wireless earbuds,,25,Long battery life
Cell Phone Cover - Blue,Mobile Kases,12.5 USD,Best cover 4 ur phone
Mobile Case Red,Mobile Kases,,High quality case
bluetooth speaker,Electronic Devizes,$30,Loudsoundspeakereeee
desk lamp led,Accesories,15.00,Brightlighteeee
Phone Charger Fast,Mob Accessories,8,Charge your phone fast
Bluetooth Speaker,Electronic Devizes,30.00,Loud sound speaker ðŸ’¡
Phone charger fast,Mob Accessories,$8,Chargeyourphonefasteeee
PHONE CHARGER FAST,Mob Accessories,8 usd,Chargeyourphonefasteeee
Bluetooth speaker,Electronic Devizes,30 usd,Loud sound speaker
DESK LAMP LED,Accesories,$15, Bright light ðŸ”Š 
Wireless earbuds,Electronix,25.00,Long battery life
Table cloth cotton,,$20,Beautiful tablecloth
Gaming keyboard,Electronix,60 USD,RGB backlit keys
WIRELESS EARBUDS,Electronix,$25,Long battery life!!!!
COFFEE MUG CERAMIC,Home&Kitchen,5.00,Mug 4 hot coffee
WIRELESS EARBUDS,Electronix,25 usd,Long battery life
WIRELESS EARBUDS,Electronix,25,Long battery life
Mobile Case Red,Mobile Kases,10.00,Highqualitycaseeeee
table cloth cotton,Hme Decor,20 usd,Beautiful tablecloth
wireless earbuds,Electronix,25.00,Long battery life ðŸŽ’
bluetooth speaker,Electronic Devizes,30,Loud sound speaker
COFFEE MUG CERAMIC,Home and Kitchn,5 USD,Mug for hot coffee!!!!
Phone Charger Fast,Mob Accessories,8,Chargeyourphonefasteeee
table cloth cotton,HomeDecor,$20.00,Beautiful tablecloth ðŸ’¡
Mobile Case Red,Mobile Kases,$10,Highqualitycaseeeee
Laptop Bag Leather,Bagz, 45 usd ,Durable leather bag
coffee mug ceramic,Home and Kitchn,,Mugforhotcoffeeeeee
CELL PHONE COVER - BLUE,Mobile Kases,12.5,
 Laptop bag leather ,Bagz,45 USD,Durableleatherbageeee
Wireless earbuds,Electronix,25,Long battery life!!!!
laptop bag leather,Bagz,45.00,Durable leather bag!!!!
Bluetooth speaker,Electronic Devizes,$30.00,Loud sound speaker
phone charger fast,Mob Accessories,8,Chargeyourphonefasteeee
laptop bag leather,Bagz,45.00,Durable leather bag!!!!
laptop bag leather,Bagz,45,Durable leather bag âš¡
COFFEE MUG CERAMIC,Home and Kitchn,5 usd,Mug 4 hot coffee
phone charger fast,Mob Accessories,8.00,Charge your phone fast
COFFEE MUG CERAMIC,Home and Kitchn,5 usd,Mug 4 hot coffee
Phone Charger Fast,Mob Accessories,8.00,Chargeyourphonefasteeee
Mobile Case Red,Mobile Kases,10.00,High quality case ðŸ“±
Gaming Keyboard,Electronix,60 usd,RGB backlit keys
desk lamp led,Accesories,$15.00,Brightlighteeee
Phone charger fast, MobileAccessories ,,Charge ur phone fast
laptop bag leather,Bagz,45 USD,Durable leather bag
coffee mug ceramic,Home and Kitchn,$5,Mug for hot coffee
COFFEE MUG CERAMIC,Home and Kitchn,5 usd,Mug for hot coffee âš¡
Cell Phone Cover - Blue,,12.50,Best cover for your phone ðŸ’¡
Desk lamp led,Accesories,15.00,Bright light âš¡
Laptop Bag Leather,Bagz,$45,Durable leather bag âš¡
Desk lamp led,Accesories,$15.00,Bright light
TABLE CLOTH COTTON,Hme Decor,20 USD,Beautiful tablecloth!!!!
desk lamp led,Accesories,$15,Bright light
Bluetooth Speaker,Electronic Devizes,30 USD,Loud sound speaker âš¡
Desk Lamp Led,Accesories,15 usd,
gaming keyboard,Electronix, $60.00 ,RGB backlit keys
Coffee mug ceramic,Home and Kitchn,5,Mug for hot coffee!!!!
phone charger fast,Mob Accessories,8 usd,Charge your phone fast!!!!
 Phone Charger Fast ,MobileAccessories,8 usd,Chargeyourphonefasteeee
Gaming Keyboard,Electronix,$60,RGB backlit keys âš¡
LAPTOP BAG LEATHER,Bagz,45.00,Durable leather bag ðŸ“±
Mobile Case Red,Mobile Kases,10,High quality case
WIRELESS EARBUDS,Electronix,25 usd,Long battery life ðŸŽ’
PHONE CHARGER FAST,Mob Accessories,8 USD,Charge your phone fast ðŸŽ’
Table Cloth Cotton,Hme Decor,20,Beautiful tablecloth!!!!
PHONE CHARGER FAST;,Mob Accessories, 8 ,Charge ur phone fast
BLUETOOTH SPEAKER,Electronic Devizes,$30,
CELL PHONE COVER - BLUE,Mobile Kases,$12.5,Best cover for your phone!!!!
BLUETOOTH SPEAKER,ElectronicDevices,30,Loud sound speaker ðŸ”Š
 cell phone cover - blue ,Mobile Kases,12.5, Best cover for your phone ðŸ“± 
phone charger fast,Mob Accessories,8 USD,Charge your phone fast
Laptop Bag Leather;,Bagz,45 USD,Durable leather bag
mobile case red,Mobile Kases,10 usd,High quality case!!!!
WIRELESS EARBUDS,Electronix,25 usd,Long battery life ðŸ“±
Bluetooth Speaker,ElectronicDevices,30.00,Loud sound speaker ðŸŽ’
 desk lamp led ,Accesories,15,Brightlighteeee
cell phone cover - blue,Mobile Kases,12.5 USD,Best cover for your phone ðŸ’¡
Laptop Bag Leather,Bagz,45.00,Durable leather bag
Mobile case red,Mobile Kases,10.00,High quality case
bluetooth speaker,Electronic Devizes,30 usd,Loud sound speaker
Mobile Case Red,Mobile Kases,$10,High quality case!!!!
gaming keyboard,Electronix,$60.00,RGB backlit keys!!!!
bluetooth speaker,Electronic Devizes,$30,Loud sound speaker âš¡
Mobile case red,,10.00,Highqualitycaseeeee
WIRELESS EARBUDS,Electronix,25.00,Long battery life!!!!
laptop bag leather,Bagz,$45,Durable leather bag
table cloth cotton;,Hme Decor,$20.00,Beautiful tablecloth!!!!
Gaming keyboard,Electronix,$60,
 Wireless Earbuds ,Electronix,25.00,Longbatterylifeeeee
Bluetooth speaker,Electronic Devizes,$30,Loud sound speaker
DESK LAMP LED,Accesories,15,Bright light ðŸŽ’
Phone charger fast,Mob Accessories,$8.00,Charge your phone fast ðŸŽ’
wireless earbuds,Electronix,25 usd,Long battery life!!!!
Laptop bag leather,Bagz,45,Durable leather bag!!!!
BLUETOOTH SPEAKER,Electronic Devizes,30,Loudsoundspeakereeee
CELL PHONE COVER - BLUE,MobileCases, 12.5 USD , Best cover for your phone 
Mobile case red,Mobile Kases,10.00,High quality case
laptop bag leather,,$45.00,Durable leather bag
cell phone cover - blue,Mobile Kases,12.5,Best cover 4 ur phone
laptop bag leather,Bagz,45,Durable leather bag!!!!
Mobile case red,Mobile Kases,10 usd, High quality case!!!! 
wireless earbuds,Electronix,25.00,Long battery life
BLUETOOTH SPEAKER,Electronic Devizes, 30.00 ,Loud sound speaker
Wireless earbuds,Electronix,25 usd,Long battery life!!!!
PHONE CHARGER FAST,Mob Accessories,8 USD,Charge ur phone fast
laptop bag leather,Bagz,45 usd,Durable leather bag
WIRELESS EARBUDS,Electronix,25 usd,Long battery life
table cloth cotton,HomeDecor, 20.00 ,Beautiful tablecloth ðŸ’¡
cell phone cover - blue,Mobile Kases,$12.5,Bestcoverforyourphoneeeee
gaming keyboard,Electronix,60,RGB backlit keys ðŸ’¡
DESK LAMP LED,Accesories,15.00,Bright light!!!!
Mobile Case Red,MobileCases,10 usd,High quality case ðŸŽ’
Desk Lamp Led,Accesories,15.00,Brightlighteeee
Mobile Case Red,Mobile Kases,10,High quality case
Phone Charger Fast,Mob Accessories,8.00,Charge your phone fast
desk lamp led,Accesories,$15,Bright light
Desk lamp led,Accesories,15.00,Bright light
WIRELESS EARBUDS,Electronix,25,
bluetooth speaker,Electronic Devizes,30 USD,Loud sound speaker!!!!
Bluetooth speaker,Electronic Devizes,$30.00,Loudsoundspeakereeee
Wireless Earbuds,Electronix,25 USD,Long battery life
COFFEE MUG CERAMIC,Home and Kitchn,$5.00,Mug for hot coffee!!!!
Phone Charger Fast,MobileAccessories,8,Charge your phone fast!!!!
Table Cloth Cotton,Hme Decor,20.00,Beautifultableclotheeee
laptop bag leather,Bagz,$45,Durable leather bag ðŸ“±
coffee mug ceramic,Home and Kitchn,5 USD,Mugforhotcoffeeeeee
Wireless Earbuds,Electronix,25 USD,Long battery life
wireless earbuds,Electronix,$25,
bluetooth speaker,Electronic Devizes,$30.00,Loud sound speaker âš¡
Cell phone cover - blue,Mobile Kases,  ,Best cover for your phone ðŸ“±
Gaming keyboard,Electronix,60 usd,RGB backlit keys!!!!
wireless earbuds;,Electronix, $25.00 ,Long battery life ðŸ’¡
DESK LAMP LED,Accesories,15,Brightlighteeee
Cell Phone Cover - Blue,MobileCases,$12.5,Best cover 4 ur phone
Coffee mug ceramic,Home and Kitchn,5.00,Mugforhotcoffeeeeee
CELL PHONE COVER - BLUE,Mobile Kases,12.50,Bestcoverforyourphoneeeee
 GAMING KEYBOARD ,Electronix,$60.00,RGBbacklitkeyseeee
 CELL PHONE COVER - BLUE ,Mobile Kases,12.5 USD,Best cover for your phone ðŸ’¡
Coffee mug ceramic,Home and Kitchn,5.00,Mug for hot coffee ðŸŽ’
CELL PHONE COVER - BLUE,MobileCases,12.5 usd,Best cover 4 ur phone
CELL PHONE COVER - BLUE,Mobile Kases,12.5,Bestcoverforyourphoneeeee
phone charger fast,Mob Accessories,$8,Charge your phone fast âš¡
 mobile case red ,Mobile Kases,10.00,High quality case ðŸ’¡
Bluetooth Speaker;,ElectronicDevices,$30.00,Loudsoundspeakereeee
Table cloth cotton,HomeDecor,20,Beautiful tablecloth
Laptop bag leather,Bagz,$45.00, Durableleatherbageeee 
table cloth cotton,Hme Decor,20.00,Beautifultableclotheeee
gaming keyboard,Electronix,60.00,RGBbacklitkeyseeee
Table cloth cotton,Hme Decor,20,Beautiful tablecloth
cell phone cover - blue,Mobile Kases,12.50,Best cover for your phone
COFFEE MUG CERAMIC,Home and Kitchn,5.00,Mug for hot coffee
Coffee mug ceramic,Home&Kitchen,$5,
Mobile case red,Mobile Kases,$10,High quality case!!!!
Bluetooth Speaker,Electronic Devizes,,Loud sound speaker
Coffee Mug Ceramic,Home and Kitchn,5,Mug for hot coffee
Cell Phone Cover - Blue,Mobile Kases,12.5,Best cover for your phone!!!!
Mobile case red,Mobile Kases,$10.00,High quality case!!!!
desk lamp led,Accesories,$15,Bright light!!!!
coffee mug ceramic,Home and Kitchn,$5.00,Mug for hot coffee
DESK LAMP LED,Accesories,$15.00,Bright light ðŸ“±
phone charger fast,Mob Accessories,$8,Charge your phone fast ðŸŽ’
Phone Charger Fast,Mob Accessories,8 USD,Charge ur phone fast
LAPTOP BAG LEATHER,Bagz,45.00,
Wireless earbuds,Electronix,25,Long battery life
cell phone cover - blue,Mobile Kases,$12.50,Best cover for your phone ðŸ“±
COFFEE MUG CERAMIC,Home&Kitchen,5,Mug for hot coffee!!!!
 table cloth cotton ,Hme Decor,20.00,Beautiful tablecloth!!!!
Gaming keyboard,Electronix,60 USD,
Cell phone cover - blue,Mobile Kases,12.5 USD,Best cover for your phone!!!!
BLUETOOTH SPEAKER,Electronic Devizes,30 USD,
Mobile case red,Mobile Kases,$10.00,Highqualitycaseeeee
LAPTOP BAG LEATHER;,Bagz,45.00,Durable leather bag ðŸ’¡
laptop bag leather,Bagz,$45.00,Durable leather bag
Desk Lamp Led,Accesories,15.00, Brightlighteeee 
Gaming keyboard,Electronix,60.00,RGB backlit keys ðŸ”Š
Gaming keyboard,,60 USD,RGB backlit keys ðŸ’¡
coffee mug ceramic,Home and Kitchn,$5,Mug for hot coffee ðŸ”Š
Cell phone cover - blue,Mobile Kases, $12.50 ,Best cover 4 ur phone
table cloth cotton,HomeDecor,,Beautiful tablecloth
LAPTOP BAG LEATHER,Bagz,45 USD,Durable leather bag ðŸ”Š
wireless earbuds,Electronix,$25,Longbatterylifeeeee
Gaming keyboard,Electronix,60,RGB backlit keys!!!!
Bluetooth speaker,Electronic Devizes,30,Loudsoundspeakereeee
DESK LAMP LED,Accesories,15,Bright light!!!!
Phone charger fast,MobileAccessories,$8.00,Charge your phone fast
coffee mug ceramic,Home&Kitchen,5,Mugforhotcoffeeeeee
TABLE CLOTH COTTON,Hme Decor,$20.00,Beautiful tablecloth
Bluetooth Speaker,Electronic Devizes,30 USD,Loud sound speaker
Gaming Keyboard,Electronix,60.00,RGB backlit keys
Coffee Mug Ceramic,Home and Kitchn,$5,Mug for hot coffee
Table Cloth Cotton,Hme Decor,20,Beautiful tablecloth
CELL PHONE COVER - BLUE,Mobile Kases,$12.50,Best cover 4 ur phone
Wireless Earbuds,Electronix,25 USD,Long battery life!!!!
Coffee mug ceramic,Home and Kitchn,$5.00,Mug 4 hot coffee
Laptop Bag Leather,Bagz,45,Durable leather bag ðŸ”Š
coffee mug ceramic,Home and Kitchn,, Mug for hot coffee 
laptop bag leather,Bagz,45 usd,Durable leather bag ðŸŽ’
mobile case red,Mobile Kases,10.00,High quality case
Table cloth cotton,Hme Decor,20,Beautiful tablecloth
Laptop bag leather,Bagz,$45.00,Durable leather bag ðŸ”Š
Mobile case red,Mobile Kases,10 USD,High quality case
COFFEE MUG CERAMIC,Home and Kitchn,5,Mugforhotcoffeeeeee
Mobile Case Red,Mobile Kases,,High quality case ðŸ’¡
Table Cloth Cotton,Hme Decor,$20.00,Beautiful tablecloth âš¡
COFFEE MUG CERAMIC,Home and Kitchn,$5,Mugforhotcoffeeeeee
phone charger fast,Mob Accessories,$8.00,Charge your phone fast ðŸŽ’
LAPTOP BAG LEATHER,Bagz,$45.00,Durable leather bag!!!!
PHONE CHARGER FAST,Mob Accessories,$8.00,Charge ur phone fast
TABLE CLOTH COTTON,Hme Decor,20,Beautiful tablecloth ðŸ’¡
GAMING KEYBOARD,Electronix,60.00,RGB backlit keys ðŸ“±
 Phone charger fast ,Mob Accessories,8 usd,Charge ur phone fast
laptop bag leather,Bagz,45 USD,Durable leather bag
coffee mug ceramic,Home and Kitchn,5 USD,Mug for hot coffee
Table cloth cotton,Hme Decor,20.00,Beautiful tablecloth!!!!
Wireless Earbuds,Electronix,$25,Longbatterylifeeeee
Laptop Bag Leather,Bagz,45 USD,Durable leather bag
Mobile case red,MobileCases,10 usd,  
Laptop Bag Leather,Bagz,$45,Durable leather bag
wireless earbuds,Electronix,25.00,Longbatterylifeeeee
Cell phone cover - blue,Mobile Kases,12.5 USD,Best cover for your phone!!!!
Bluetooth speaker,Electronic Devizes,30,Loudsoundspeakereeee
Gaming keyboard,Electronix,60,RGBbacklitkeyseeee
LAPTOP BAG LEATHER,Bagz,45 USD,Durable leather bag
 Laptop bag leather ,Bagz,45,
Table cloth cotton,Hme Decor, $20.00 ,Beautiful tablecloth
coffee mug ceramic,Home and Kitchn,5,Mug 4 hot coffee
Cell phone cover - blue,MobileCases,$12.5,Best cover 4 ur phone
Phone Charger Fast,Mob Accessories,8 usd,Charge your phone fast ðŸŽ’
GAMING KEYBOARD,Electronix,60 USD,RGB backlit keys!!!!
phone charger fast,Mob Accessories,8,Charge ur phone fast
 mobile case red ,Mobile Kases,$10.00,High quality case ðŸ“±
gaming keyboard,Electronix,60 USD,RGB backlit keys
wireless earbuds,Electronix,$25.00,Long battery life
MOBILE CASE RED,Mobile Kases,10 usd, High quality case!!!! 
cell phone cover - blue,,12.50,Bestcoverforyourphoneeeee
Mobile case red,Mobile Kases,$10,High quality case
cell phone cover - blue,Mobile Kases,12.50,Bestcoverforyourphoneeeee
coffee mug ceramic,,5 usd,Mug for hot coffee ðŸ’¡
DESK LAMP LED,Accesories,$15.00,Bright light!!!!
Phone charger fast,Mob Accessories,$8,Charge your phone fast!!!!
Coffee Mug Ceramic,Home and Kitchn,5 USD,Mugforhotcoffeeeeee
Gaming Keyboard,Electronix,60 usd,RGB backlit keys!!!!
gaming keyboard,Electronix, 60 USD ,RGB backlit keys ðŸ’¡
DESK LAMP LED,Accesories,15.00,Brightlighteeee
Mobile Case Red,Mobile Kases,10 usd,Highqualitycaseeeee
COFFEE MUG CERAMIC,Home and Kitchn,$5,Mug for hot coffee
Mobile case red,MobileCases,,High quality case
Table Cloth Cotton,HomeDecor,$20.00,Beautiful tablecloth
Laptop Bag Leather,Bagz,45.00,Durable leather bag
Coffee Mug Ceramic,Home and Kitchn,$5,Mug for hot coffee
coffee mug ceramic,Home and Kitchn,5 USD,Mug 4 hot coffee
bluetooth speaker,Electronic Devizes,30,Loud sound speaker
CELL PHONE COVER - BLUE,Mobile Kases,$12.50,Best cover for your phone!!!!
DESK LAMP LED,Accesories,$15.00,Bright light
Laptop Bag Leather,Bagz,$45,Durable leather bag!!!!
Laptop bag leather,Bagz,45 USD,Durable leather bag
gaming keyboard,Electronix,$60.00,RGB backlit keys
MOBILE CASE RED,MobileCases,10 USD,High quality case
Mobile Case Red,Mobile Kases,10,High quality case!!!!
Coffee Mug Ceramic,Home and Kitchn,5,Mug 4 hot coffee
WIRELESS EARBUDS,Electronix,25 USD,Long battery life ðŸ“±
Wireless earbuds,, $25 ,Long battery life ðŸ’¡
bluetooth speaker,Electronic Devizes,30,Loud sound speaker!!!!
wireless earbuds,Electronix,25,Long battery life
LAPTOP BAG LEATHER,Bagz,45 usd,Durable leather bag
Cell phone cover - blue,Mobile Kases,12.5 USD, Best cover for your phone ðŸŽ’ 
Bluetooth Speaker;,Electronic Devizes,30 usd,Loud sound speaker
phone charger fast,MobileAccessories,8.00,Charge your phone fast ðŸ’¡
mobile case red,MobileCases,10 usd,High quality case
gaming keyboard,Electronix,60 usd,RGBbacklitkeyseeee
Laptop Bag Leather,Bagz,45 usd,Durable leather bag
Wireless Earbuds,Electronix,$25,Long battery life!!!!
 cell phone cover - blue ,MobileCases,$12.5,Best cover for your phone âš¡
PHONE CHARGER FAST,Mob Accessories,$8.00,Charge your phone fast ðŸ“±
WIRELESS EARBUDS,Electronix,25.00,Long battery life
Mobile case red,Mobile Kases,$10,Highqualitycaseeeee
cell phone cover - blue,Mobile Kases,$12.50,Bestcoverforyourphoneeeee
Mobile Case Red,Mobile Kases,$10,High quality case ðŸŽ’
Cell Phone Cover - Blue,Mobile Kases,$12.5,Best cover for your phone
TABLE CLOTH COTTON;,HomeDecor,20 USD,Beautiful tablecloth
LAPTOP BAG LEATHER,Bagz,45 USD, Durable leather bag 
Phone Charger Fast,Mob Accessories,$8,Charge ur phone fast
BLUETOOTH SPEAKER,Electronic Devizes, 30 USD ,Loudsoundspeakereeee
DESK LAMP LED,Accesories,15 USD,
 Gaming keyboard ,Electronix,60 usd,RGB backlit keys
Bluetooth Speaker,Electronic Devizes,30.00,Loudsoundspeakereeee
WIRELESS EARBUDS,Electronix,,Long battery life
Laptop Bag Leather,Bagz,$45,Durable leather bag
Laptop bag leather;,Bagz,45.00,Durable leather bag!!!!
MOBILE CASE RED,Mobile Kases,10 usd,High quality case âš¡
Laptop Bag Leather,Bagz,$45,Durable leather bag
gaming keyboard,Electronix,60.00,RGB backlit keys âš¡
Phone charger fast,Mob Accessories,8,Charge ur phone fast
Gaming keyboard,Electronix, $60.00 ,RGB backlit keys!!!!
DESK LAMP LED,Accesories,15 USD,Bright light âš¡
table cloth cotton,HomeDecor,20,Beautiful tablecloth
 Cell phone cover - blue ,Mobile Kases,12.5 usd,Best cover for your phone!!!!
table cloth cotton,Hme Decor,20.00, Beautifultableclotheeee 
Gaming keyboard,Electronix,60,RGB backlit keys!!!!
mobile case red,MobileCases,10 usd,High quality case ðŸ”Š
Bluetooth Speaker,Electronic Devizes,$30,Loudsoundspeakereeee
table cloth cotton,Hme Decor,$20.00, Beautiful tablecloth 
mobile case red,Mobile Kases,10.00,Highqualitycaseeeee
Phone charger fast,Mob Accessories,8.00,Chargeyourphonefasteeee
DESK LAMP LED,Accesories,$15,
Bluetooth Speaker,Electronic Devizes,,Loudsoundspeakereeee
Gaming keyboard,Electronix,60.00,RGB backlit keys ðŸ”Š
Gaming keyboard,Electronix,,RGB backlit keys
phone charger fast,Mob Accessories,8 usd,Charge ur phone fast
Phone charger fast,Mob Accessories,8.00,Charge your phone fast!!!!
Gaming Keyboard,Electronix,60.00,RGBbacklitkeyseeee
Mobile case red,Mobile Kases,$10,Highqualitycaseeeee
DESK LAMP LED,Accesories,15 USD,Bright light
 Gaming Keyboard ,Electronix,60,RGB backlit keys
laptop bag leather,Bagz, $45.00 ,Durable leather bag!!!!
LAPTOP BAG LEATHER,Bagz,45 usd,Durable leather bag ðŸŽ’
Phone charger fast,Mob Accessories,8.00,Charge ur phone fast
WIRELESS EARBUDS,Electronix,25,Long battery life
Phone charger fast,Mob Accessories,$8.00,Charge ur phone fast
GAMING KEYBOARD,Electronix,$60.00,RGB backlit keys!!!!
Mobile Case Red,Mobile Kases,10,High quality case
MOBILE CASE RED,MobileCases,10,High quality case
Bluetooth speaker,Electronic Devizes,30.00,Loud sound speaker
Phone Charger Fast,Mob Accessories,$8,Charge your phone fast!!!!
coffee mug ceramic,Home&Kitchen,5.00,Mug for hot coffee
COFFEE MUG CERAMIC,Home and Kitchn,5,Mug for hot coffee
gaming keyboard,Electronix,$60.00,RGB backlit keys!!!!
mobile case red,Mobile Kases,10,High quality case!!!!
gaming keyboard,Electronix,60,RGB backlit keys
Wireless earbuds,Electronix, 25 ,Long battery life
CELL PHONE COVER - BLUE,Mobile Kases,12.5 USD,Best cover for your phone ðŸ”Š
Phone charger fast,Mob Accessories,8 USD,Chargeyourphonefasteeee
Table cloth cotton,Hme Decor,20 USD,Beautiful tablecloth
CELL PHONE COVER - BLUE,Mobile Kases, 12.5 USD ,Best cover for your phone
gaming keyboard,Electronix,60,RGB backlit keys
Gaming keyboard,Electronix,,RGB backlit keys!!!!
Laptop Bag Leather,Bagz,45 USD,Durable leather bag ðŸ“±
Bluetooth speaker,Electronic Devizes,$30.00,Loud sound speaker
Laptop bag leather,Bagz,$45,Durable leather bag!!!!
Laptop Bag Leather,Bagz,,Durable leather bag ðŸ“±
TABLE CLOTH COTTON,Hme Decor,20.00,Beautiful tablecloth
mobile case red,Mobile Kases,10 usd,High quality case
bluetooth speaker,Electronic Devizes, 30.00 ,Loud sound speaker
CELL PHONE COVER - BLUE,,12.5 usd,Bestcoverforyourphoneeeee
Mobile case red,Mobile Kases,10.00,High quality case ðŸŽ’
Wireless earbuds,Electronix,$25,Long battery life
MOBILE CASE RED,Mobile Kases,,High quality case
Gaming keyboard,Electronix,60 usd,RGB backlit keys ðŸ”Š
bluetooth speaker,Electronic Devizes,30 usd,Loudsoundspeakereeee
Desk lamp led,Accesories,$15.00,Brightlighteeee
Wireless Earbuds,Electronix,25 usd, Long battery life âš¡ 
 Phone charger fast ,MobileAccessories,8,Charge ur phone fast
Mobile case red,Mobile Kases,10 USD,High quality case!!!!
Gaming Keyboard,Electronix,60 USD,RGB backlit keys
PHONE CHARGER FAST,Mob Accessories,$8,Charge your phone fast ðŸŽ’
PHONE CHARGER FAST,Mob Accessories,$8,Charge your phone fast ðŸ’¡
Coffee mug ceramic,Home&Kitchen,$5.00,Mug for hot coffee ðŸŽ’
Cell Phone Cover - Blue,Mobile Kases,$12.50,Best cover 4 ur phone
 cell phone cover - blue ,Mobile Kases,12.5,Best cover for your phone ðŸ’¡
Bluetooth speaker,Electronic Devizes,$30.00,Loudsoundspeakereeee
Coffee mug ceramic,Home and Kitchn,5 usd,Mug 4 hot coffee
Table cloth cotton,Hme Decor,20 USD,Beautifultableclotheeee
Mobile case red,Mobile Kases,,High quality case âš¡
wireless earbuds,Electronix,25,Long battery life ðŸ”Š
cell phone cover - blue,MobileCases,12.5 USD,Best cover for your phone!!!!
Desk lamp led,Accesories,$15.00,Brightlighteeee
Coffee mug ceramic,Home and Kitchn,$5.00,Mug for hot coffee ðŸŽ’
LAPTOP BAG LEATHER,Bagz,$45,Durable leather bag!!!!
LAPTOP BAG LEATHER,Bagz,$45.00,Durable leather bag ðŸ’¡
Desk lamp led,Accesories,15,Bright light!!!!
COFFEE MUG CERAMIC,Home and Kitchn,5.00,Mug 4 hot coffee
bluetooth speaker,Electronic Devizes,30.00,Loudsoundspeakereeee
DESK LAMP LED,Accesories,$15.00,Brightlighteeee
gaming keyboard,Electronix,60.00,RGBbacklitkeyseeee
desk lamp led;,Accesories,15 usd,Bright light ðŸ”Š
bluetooth speaker,ElectronicDevices,$30,Loudsoundspeakereeee
Laptop bag leather,Bagz,45 USD,Durable leather bag!!!!
Table cloth cotton,HomeDecor,20.00,Beautiful tablecloth
Laptop bag leather,Bagz,45.00,Durable leather bag ðŸ“±
table cloth cotton,Hme Decor,20,Beautiful tablecloth
MOBILE CASE RED,,10 usd,High quality case!!!!
Laptop Bag Leather,Bagz,$45,Durable leather bag
Mobile case red,Mobile Kases,$10.00,High quality case
Coffee Mug Ceramic,Home&Kitchen,$5.00,Mug for hot coffee!!!!
TABLE CLOTH COTTON,Hme Decor,20 usd,Beautiful tablecloth ðŸ“±
Table cloth cotton,Hme Decor,20,Beautiful tablecloth!!!!
TABLE CLOTH COTTON,Hme Decor,20 usd,Beautiful tablecloth
CELL PHONE COVER - BLUE,Mobile Kases,12.50,Best cover for your phone ðŸ“±
TABLE CLOTH COTTON,Hme Decor,,Beautifultableclotheeee
Coffee mug ceramic,Home&Kitchen,$5.00,Mug for hot coffee!!!!
GAMING KEYBOARD,Electronix,$60.00,RGB backlit keys
Coffee mug ceramic,Home&Kitchen,$5,Mug 4 hot coffee
wireless earbuds,Electronix,$25,Long battery life
wireless earbuds,Electronix,25.00,Longbatterylifeeeee
CELL PHONE COVER - BLUE,Mobile Kases,12.5 usd,Best cover 4 ur phone
bluetooth speaker,Electronic Devizes, 30.00 ,
Laptop bag leather,Bagz,45 usd,Durable leather bag
Cell Phone Cover - Blue,Mobile Kases,12.5 USD,Best cover for your phone!!!!
bluetooth speaker,Electronic Devizes,30,Loud sound speaker
Wireless earbuds,Electronix,25 usd,Long battery life
Laptop bag leather,Bagz,,Durableleatherbageeee
wireless earbuds,Electronix,$25.00,Long battery life ðŸ”Š
Desk lamp led,Accesories,15 USD,Bright light ðŸ“±
Cell phone cover - blue,Mobile Kases,$12.5,Best cover for your phone!!!!
Mobile case red,Mobile Kases,10,Highqualitycaseeeee
Table cloth cotton,Hme Decor,$20,Beautiful tablecloth ðŸ”Š
PHONE CHARGER FAST,MobileAccessories,8,
Gaming keyboard,Electronix,$60,RGB backlit keys
Wireless earbuds,Electronix,$25,Longbatterylifeeeee
Desk Lamp Led,Accesories,15 usd,Bright light ðŸ’¡
Gaming Keyboard,Electronix,$60.00,RGB backlit keys!!!!
LAPTOP BAG LEATHER,Bagz, 45.00 ,Durable leather bag!!!!
Table Cloth Cotton,Hme Decor, 20 ,Beautifultableclotheeee
LAPTOP BAG LEATHER,Bagz,45 USD,Durable leather bag
WIRELESS EARBUDS,Electronix,25,Long battery life!!!!
desk lamp led,,15 USD,Bright light
GAMING KEYBOARD,Electronix,$60,RGB backlit keys!!!!
Table cloth cotton,Hme Decor,20 USD,Beautifultableclotheeee
Wireless Earbuds,Electronix,25,Long battery life
coffee mug ceramic,Home&Kitchen,5 USD,Mug 4 hot coffee
desk lamp led,Accesories,15, Brightlighteeee 
Desk Lamp Led,Accesories,15 USD,Bright light
WIRELESS EARBUDS,Electronix,$25.00,Long battery life ðŸŽ’
Phone charger fast,Mob Accessories,8 USD,
COFFEE MUG CERAMIC,Home and Kitchn,5,Mug for hot coffee ðŸ”Š
Mobile Case Red,Mobile Kases,10,High quality case!!!!
gaming keyboard,Electronix,60,RGB backlit keys ðŸ”Š
Cell phone cover - blue,MobileCases,12.5 usd,Best cover for your phone ðŸ“±
Table cloth cotton,Hme Decor,20.00,Beautiful tablecloth!!!!
Mobile case red,Mobile Kases,10.00,High quality case âš¡
Desk Lamp Led,Accesories,15 USD,
Cell Phone Cover - Blue,Mobile Kases,$12.5,Bestcoverforyourphoneeeee
gaming keyboard,Electronix,$60.00,RGB backlit keys
LAPTOP BAG LEATHER;,Bagz,$45.00,Durableleatherbageeee
Gaming Keyboard,Electronix,60 usd,RGB backlit keys
Cell Phone Cover - Blue,Mobile Kases, 12.5 usd ,Best cover for your phone
Mobile case red,Mobile Kases,10.00,Highqualitycaseeeee
GAMING KEYBOARD,Electronix,60 USD,RGBbacklitkeyseeee
Phone Charger Fast,MobileAccessories,8.00, Charge your phone fast 
desk lamp led;,Accesories,$15,Brightlighteeee
LAPTOP BAG LEATHER,Bagz,$45.00,Durable leather bag!!!!
Laptop bag leather,Bagz,45.00,Durable leather bag
Coffee mug ceramic,Home and Kitchn,$5,Mug 4 hot coffee
Laptop bag leather,Bagz,45,Durable leather bag ðŸ”Š
COFFEE MUG CERAMIC,Home and Kitchn,5 usd,
bluetooth speaker,Electronic Devizes,30 USD,Loud sound speaker ðŸ”Š
Bluetooth Speaker,Electronic Devizes,30,Loud sound speaker
Phone charger fast,,8, Charge ur phone fast 
Wireless Earbuds,Electronix,$25,Longbatterylifeeeee
coffee mug ceramic,Home and Kitchn,5,Mugforhotcoffeeeeee
Mobile case red,Mobile Kases,10 usd,High quality case
Gaming Keyboard,Electronix,$60.00,RGB backlit keys
coffee mug ceramic,Home and Kitchn,$5,Mug for hot coffee ðŸ“±
WIRELESS EARBUDS,Electronix,25 usd,Long battery life
Bluetooth speaker,Electronic Devizes,$30,Loud sound speaker âš¡
GAMING KEYBOARD,Electronix,$60,RGB backlit keys
Bluetooth speaker,Electronic Devizes,30,Loud sound speaker
Mobile Case Red,Mobile Kases,10,
Table Cloth Cotton,Hme Decor,20 USD,Beautiful tablecloth
Mobile case red,Mobile Kases,10.00,Highqualitycaseeeee
Cell phone cover - blue,MobileCases,,Best cover for your phone
mobile case red,Mobile Kases,10,Highqualitycaseeeee
Bluetooth Speaker,Electronic Devizes,30 usd,Loud sound speaker!!!!
Mobile case red,Mobile Kases,10,High quality case âš¡
Cell Phone Cover - Blue,Mobile Kases,$12.5,Best cover for your phone!!!!
cell phone cover - blue,Mobile Kases,$12.50,Best cover for your phone!!!!
cell phone cover - blue,Mobile Kases,12.5 usd,Best cover 4 ur phone
coffee mug ceramic,Home and Kitchn,5 USD,Mug for hot coffee âš¡
 CELL PHONE COVER - BLUE ,Mobile Kases,$12.50,Best cover 4 ur phone
LAPTOP BAG LEATHER,Bagz,45 USD,Durable leather bag!!!!
MOBILE CASE RED,MobileCases,10,High quality case ðŸ’¡
mobile case red,MobileCases,10,High quality case!!!!
cell phone cover - blue,Mobile Kases,$12.5,Best cover for your phone!!!!
cell phone cover - blue,Mobile Kases,12.5 USD,Best cover for your phone
Coffee mug ceramic,Home and Kitchn,$5.00,Mug 4 hot coffee
Phone charger fast,MobileAccessories,$8.00,Charge your phone fast
LAPTOP BAG LEATHER,Bagz,45 usd,Durable leather bag
Desk Lamp Led,Accesories,15 usd,Bright light ðŸ’¡
CELL PHONE COVER - BLUE,,12.5 USD,Best cover for your phone!!!!
Phone Charger Fast,MobileAccessories,8.00,Charge your phone fast
Wireless Earbuds,Electronix,$25,Longbatterylifeeeee
PHONE CHARGER FAST,Mob Accessories,8 USD,Charge ur phone fast
Coffee mug ceramic,Home and Kitchn,5 usd,Mug 4 hot coffee
Phone charger fast,Mob Accessories,8.00,Charge ur phone fast
TABLE CLOTH COTTON,Hme Decor,20 usd,
table cloth cotton,Hme Decor,$20,Beautifultableclotheeee
Desk lamp led,Accesories,15 usd, Bright light!!!! 
Phone Charger Fast,Mob Accessories,8,Chargeyourphonefasteeee
Table cloth cotton,HomeDecor,20.00,Beautiful tablecloth
coffee mug ceramic,Home and Kitchn,5 usd,Mug for hot coffee
Mobile Case Red,MobileCases, 10 usd ,High quality case ðŸŽ’
Phone charger fast,Mob Accessories,$8,Charge your phone fast!!!!
Coffee Mug Ceramic,Home and Kitchn,5 usd,Mugforhotcoffeeeeee
coffee mug ceramic,Home and Kitchn,$5,Mug for hot coffee
Desk  lamp led,Accesories,15 USD,Bright light
MOBILE  CASE RED,Mobile Kases,10 usd,
Bluetooth  speaker,ElectronicDevices,30,Loudsoundspeakereeee
cell  phone cover - blue,Mobile Kases,$12.5,Best cover for your phone!!!!
coffee  mug ceramic,Home and Kitchn,5 USD,Mug for hot coffee âš¡
gaming  keyboard,Electronix,60,RGB backlit keys
desk  lamp led,Accesories,15.00, Brightlighteeee 
 Cell  phone cover - blue ,Mobile Kases,$12.50, Best cover for your phone!!!! 
Table  cloth cotton,HomeDecor,,Beautiful tablecloth
laptop  bag leather,Bagz,45 usd,Durable leather bag
Laptop  bag leather,Bagz,45.00,Durable leather bag!!!!
Cell  Phone Cover - Blue,Mobile Kases,$12.50,Best cover 4 ur phone
MOBILE  CASE RED,Mobile Kases,$10.00,High quality case ðŸ“±
MOBILE  CASE RED,MobileCases,10, High quality case ðŸ’¡ 
cell  phone cover - blue,MobileCases,12.5,Bestcoverforyourphoneeeee
Wireless  earbuds,Electronix,25.00,Long battery life âš¡
Cell  phone cover - blue,, $12.50 ,Best cover for your phone ðŸ“±
PHONE  CHARGER FAST,MobileAccessories,8.00,Charge ur phone fast
cell  phone cover - blue,Mobile Kases,$12.50, Best cover for your phone!!!! 
bluetooth  speaker,Electronic Devizes,$30,Loudsoundspeakereeee
